,count,mean,std,min,50%,max
Error %,56202.0,14.623743782874582,5.720747810580819,0.0,13.406933729226253,62.22304694748562
Match %,56202.0,90.1647532760785,4.511912665181977,49.31506849315068,90.98175656970197,100.0
Mismatch %,56202.0,4.66896015950384,2.262232645638629,0.0,4.115082162056064,26.474622770919066
Insertion %,56202.0,5.16628656441768,2.38822184190248,0.0,4.902202940237723,32.87671232876713
Deletion %,56202.0,4.7884970589530615,2.028748310758432,0.0,4.323276450424306,54.48859862740757
Identity %,56202.0,85.10705493501943,8.417102166243417,0.0010356147927216993,86.79091875686382,94.38039714198045
Read length,56202.0,21176.88157005089,15098.056934773684,390.0,16093.0,141263.0
