basecaller,Error %,Match %,Mismatch %,Insertion %,Deletion %,Identity %,Read length
alignment_b0,32.5856520437341,85.36404791885512,9.794374421609943,4.8415776595349245,17.949699962589236,72.08672880977153,4465.777777777777
alignment_b50,30.242360930461377,85.6077360067875,9.614376754109763,4.777887239102743,15.850096937248871,73.42221701100165,4556.555555555556
