basecaller,Error %,Match %,Mismatch %,Insertion %,Deletion %,Identity %,Read length
albacore_v2.2.7.fastq,14.623743782874572,90.16475327607893,4.668960159503754,5.166286564417713,4.788497058953111,85.10705493501962,21176.88157005089
chiron_v0.3.fastq,15.853856992016926,88.6992633771633,5.306113448409514,5.994623174427442,4.553120369179919,83.8808749982176,21342.02215893922
mincall_b0,26.071517410901787,85.93943261429283,7.996293670740916,6.064273714967256,12.01095002519376,75.97965338352451,19947.57263683379
